product_id,product_name,category,price
1,Although,Home,3839
2,Ball,Home,51
3,Place,Grocery,376
4,Grow,Electronics,1814
5,Because,Clothing,1087
6,Likely,Clothing,3114
7,Face,Toys,4089
8,Reality,Toys,3682
9,At,Home,900
10,Property,Electronics,3653
11,Then,Clothing,3088
12,Career,Clothing,3335
13,School,Toys,4411
14,Interesting,Grocery,409
15,Chance,Toys,4953
16,Issue,Home,4003
17,Member,Clothing,3071
18,Magazine,Home,3976
19,Edge,Grocery,2600
20,Weight,Toys,1982
21,Director,Grocery,55
22,Fire,Home,953
23,Reality,Grocery,2679
24,Market,Clothing,270
25,Ask,Clothing,1737
26,Kid,Toys,4789
27,Research,Grocery,1311
28,Hear,Home,792
29,Good,Grocery,2502
30,Region,Electronics,348
31,All,Toys,2147
32,Nice,Toys,3168
33,Move,Electronics,1350
34,Agency,Grocery,569
35,Fly,Home,1267
36,Foreign,Toys,1186
37,Chair,Clothing,1846
38,Experience,Electronics,2587
39,Fly,Clothing,4031
40,Will,Home,1420
41,Every,Grocery,4317
42,Step,Home,1446
43,Fish,Grocery,1571
44,Step,Toys,721
45,At,Electronics,1855
46,Whom,Toys,1931
47,Moment,Electronics,727
48,Campaign,Grocery,3553
49,High,Grocery,1547
50,Value,Grocery,3316
51,Crime,Home,1369
52,Suffer,Electronics,4015
53,Likely,Electronics,1830
54,Social,Electronics,1034
55,Order,Electronics,1774
56,Second,Toys,3699
57,Its,Toys,391
58,Career,Clothing,4152
59,Direction,Clothing,2247
60,Even,Home,1340
61,Training,Home,1171
62,Something,Toys,3499
63,Movement,Clothing,732
64,Pattern,Grocery,2988
65,Kitchen,Clothing,3902
66,Heavy,Electronics,4496
67,Compare,Toys,4234
68,Drug,Clothing,987
69,Fight,Electronics,1040
70,Rule,Electronics,1297
71,Science,Clothing,1761
72,Look,Clothing,3923
73,We,Clothing,1598
74,Know,Electronics,1144
75,Imagine,Electronics,3684
76,Any,Toys,2046
77,Support,Grocery,1117
78,Pick,Electronics,1151
79,See,Clothing,1947
80,Tough,Clothing,432
81,Mention,Home,2172
82,Change,Toys,458
83,Field,Electronics,470
84,Nation,Home,614
85,Three,Clothing,1028
86,Stand,Clothing,248
87,College,Grocery,1680
88,Interest,Clothing,3847
89,Prevent,Grocery,4262
90,Admit,Electronics,3969
91,Base,Toys,1982
92,Left,Toys,1615
93,Subject,Home,350
94,Would,Grocery,886
95,Lawyer,Electronics,112
96,Just,Electronics,2809
97,Personal,Clothing,3744
98,Understand,Toys,3415
99,Station,Home,3459
100,Defense,Toys,4730
101,Walk,Grocery,4421
102,Bill,Clothing,4235
103,Majority,Home,4797
104,Measure,Toys,4779
105,Suddenly,Clothing,96
106,Myself,Grocery,577
107,Open,Clothing,187
108,Stop,Grocery,2314
109,Hotel,Grocery,3660
110,Indeed,Toys,428
111,Simply,Toys,323
112,Painting,Home,4953
113,School,Toys,3793
114,Turn,Electronics,2622
115,Result,Home,3258
116,Responsibility,Clothing,3885
117,Likely,Toys,2174
118,Financial,Clothing,4278
119,Defense,Toys,2528
120,Apply,Clothing,3747
121,Owner,Clothing,4346
122,Personal,Toys,3698
123,Cause,Clothing,2069
124,I,Home,4834
125,Probably,Grocery,3706
126,Politics,Toys,3206
127,Again,Home,743
128,Design,Clothing,4856
129,Economic,Toys,3753
130,Work,Clothing,2258
131,Fall,Clothing,4829
132,Unit,Toys,241
133,Building,Toys,3728
134,Assume,Clothing,3315
135,Focus,Electronics,236
136,Night,Clothing,2577
137,Executive,Electronics,1908
138,Medical,Toys,1565
139,Allow,Toys,198
140,Against,Home,1171
141,Thing,Electronics,457
142,Building,Grocery,1073
143,Watch,Grocery,435
144,Her,Home,3244
145,Argue,Home,3217
146,Must,Toys,4761
147,Bring,Toys,3345
148,Minute,Electronics,2659
149,Program,Electronics,2896
150,Particular,Home,1902
151,Mean,Clothing,897
152,World,Home,2231
153,Free,Electronics,2473
154,Apply,Toys,3491
155,Response,Home,2416
156,Site,Electronics,591
157,Close,Toys,519
158,Try,Home,2402
159,Moment,Toys,4413
160,Far,Home,2511
161,Final,Electronics,821
162,Hot,Home,1985
163,Result,Clothing,571
164,Material,Toys,713
165,Attention,Home,2828
166,Nature,Toys,2259
167,Film,Grocery,430
168,Write,Grocery,1906
169,Center,Electronics,3043
170,Radio,Grocery,962
171,Participant,Home,2656
172,Group,Clothing,3232
173,Simple,Toys,3505
174,Democrat,Toys,3353
175,Reduce,Clothing,437
176,Likely,Home,2618
177,Management,Grocery,4519
178,Employee,Toys,749
179,Successful,Grocery,902
180,Mouth,Electronics,3800
181,School,Electronics,2681
182,Front,Grocery,2294
183,Face,Clothing,4966
184,Throw,Home,758
185,Official,Grocery,2002
186,Student,Toys,421
187,Treatment,Electronics,4598
188,Suffer,Grocery,3075
189,No,Toys,2291
190,Even,Home,4597
191,Not,Toys,2567
192,Include,Clothing,2602
193,Budget,Toys,4854
194,Edge,Grocery,1539
195,Red,Clothing,1131
196,Cut,Toys,4476
197,Entire,Toys,3140
198,Simple,Home,912
199,Understand,Toys,3419
200,Trip,Toys,2209
